L1000 ID,Gene Symbol,Entrez Gene ID,Gene Title
YYYE11F11,PSME1,5720,"proteasome (prosome, macropain) activator subunit 1 (PA28 alpha)"
BBBBC1D1,CISD1,55847,CDGSH iron sulfur domain 1
BBBBE1F1,SPDEF,25803,SAM pointed domain containing ets transcription factor
QQQA8B8,ATF1,466,activating transcription factor 1
ZZZC4D4,RHEB,6009,Ras homolog enriched in brain
BBBBC2D2,IGF1R,3480,insulin-like growth factor 1 receptor
TTTE12F12,FOXO3,2309,forkhead box O3
BBBBG2H2,GSTM2,2946,glutathione S-transferase mu 2 (muscle)
ZZZE4F4,RHOA,387,"ras homolog gene family, member A"
VVVE5F5,IL1B,3553,"interleukin 1, beta"
QQQG7H7,ASAH1,427,N-acylsphingosine amidohydrolase (acid ceramidase) 1
ZZZC2D2,RALA,5898,v-ral simian leukemia viral oncogene homolog A (ras related)
QQQG6H6,ARHGEF12,23365,Rho guanine nucleotide exchange factor (GEF) 12
AAAAC2D2,SOX2,6657,SRY (sex determining region Y)-box 2
ZZZC10D10,SERPINE1,5054,"serpin peptidase inhibitor, clade E (nexin, plasminogen activator inhibitor type 1), member 1"
UUUG8H8,HLA-DMA,3108,"major histocompatibility complex, class II, DM alpha"
SSSG12H12,EGF,1950,epidermal growth factor
BBBBC5D5,SPTLC2,9517,"serine palmitoyltransferase, long chain base subunit 2"
QQQG5H5,APP,351,amyloid beta (A4) precursor protein
BBBBG5H5,TSKU,25987,tsukushi small leucine rich proteoglycan homolog (Xenopus laevis)
BBBBA6B6,TMEM2,23670,transmembrane protein 2
XXXC4D4,NOS3,4846,nitric oxide synthase 3 (endothelial cell)
SSSE6F6,CSNK1A1,1452,"casein kinase 1, alpha 1"
XXXA2B2,NFATC4,4776,"nuclear factor of activated T-cells, cytoplasmic, calcineurin-dependent 4"
AAAAE6F6,TBP,6908,TATA box binding protein
GGGA6B6,SLC2A6,11182,"solute carrier family 2 (facilitated glucose transporter), member 6"
GGGE2F2,EZH2,2146,enhancer of zeste homolog 2 (Drosophila)
GGGE7F7,ICAM3,3385,intercellular adhesion molecule 3
QQQC12D12,BRCA1,672,"breast cancer 1, early onset"
YYYG10H10,PSMD4,5710,"proteasome (prosome, macropain) 26S subunit, non-ATPase, 4"
BBBBE8F8,PHKG2,5261,"phosphorylase kinase, gamma 2 (testis)"
TTTE5F5,ETV1,2115,ets variant 1
BBBBA9B9,KDM5B,10765,lysine (K)-specific demethylase 5B
BBBBC9D9,COG4,25839,component of oligomeric golgi complex 4
BBBBE9F9,MCM3,4172,minichromosome maintenance complex component 3
AAAAA7B7,TERT,7015,telomerase reverse transcriptase
BBBBA10B10,SNX13,23161,sorting nexin 13
BBBBC10D10,PAK4,10298,p21 protein (Cdc42/Rac)-activated kinase 4
BBBBE10F10,DPH2,1802,DPH2 homolog (S. cerevisiae)
BBBBG10H10,SNX6,58533,sorting nexin 6
SSSE12F12,EED,8726,embryonic ectoderm development
BBBBC11D11,WIPF2,147179,"WAS/WASL interacting protein family, member 2"
BBBBE11F11,NENF,29937,neudesin neurotrophic factor
BBBBG11H11,RPN1,6184,ribophorin I
BBBBA12B12,C2CD2L,9854,C2CD2-like
BBBBC12D12,GABPB1,2553,"GA binding protein transcription factor, beta subunit 1"
BBBBE12F12,POLR2K,5440,"polymerase (RNA) II (DNA directed) polypeptide K, 7.0kDa"
YYYE12F12,PTK2B,2185,PTK2B protein tyrosine kinase 2 beta
CCCCA1B1,PAF1,54623,"Paf1, RNA polymerase II associated factor, homolog (S. cerevisiae)"
CCCCC1D1,POLR1C,9533,"polymerase (RNA) I polypeptide C, 30kDa"
CCCCE1F1,RUVBL1,8607,RuvB-like 1 (E. coli)
CCCCG1H1,AKT1,207,v-akt murine thymoma viral oncogene homolog 1
CCCCA2B2,SENP6,26054,SUMO1/sentrin specific peptidase 6
UUUA12B12,HSPB1,3315,heat shock 27kDa protein 1
CCCCE2F2,EBP,10682,emopamil binding protein (sterol isomerase)
CCCCG2H2,CASK,8573,calcium/calmodulin-dependent serine protein kinase (MAGUK family)
CCCCA3B3,RRP8,23378,"ribosomal RNA processing 8, methyltransferase, homolog (yeast)"
XXXE9F9,PIK3C3,5289,"phosphoinositide-3-kinase, class 3"
CCCCE3F3,BHLHE40,8553,"basic helix-loop-helix family, member e40"
CCCCG3H3,BDH1,622,"3-hydroxybutyrate dehydrogenase, type 1"
CCCCA4B4,SH3BP5,9467,SH3-domain binding protein 5 (BTK-associated)
CCCCC4D4,PPP2R5A,5525,"protein phosphatase 2, regulatory subunit B', alpha"
CCCCE4F4,EML3,256364,echinoderm microtubule associated protein like 3
CCCCG4H4,BIRC5,332,baculoviral IAP repeat containing 5
CCCCA5B5,EPRS,2058,glutamyl-prolyl-tRNA synthetase
CCCCC5D5,PAX8,7849,paired box 8
RRRA5B5,CBLB,868,Cas-Br-M (murine) ecotropic retroviral transforming sequence b
CCCCG5H5,PDS5A,23244,"PDS5, regulator of cohesion maintenance, homolog A (S. cerevisiae)"
SSSE9F9,DFFB,1677,"DNA fragmentation factor, 40kDa, beta polypeptide (caspase-activated DNase)"
AAAAG7H7,TGFB3,7043,"transforming growth factor, beta 3"
CCCCE6F6,XBP1,7494,X-box binding protein 1
CCCCG6H6,NMT1,4836,N-myristoyltransferase 1
CCCCA7B7,ARFIP2,23647,ADP-ribosylation factor interacting protein 2
CCCCC7D7,STAMBP,10617,STAM binding protein
YYYG7H7,PRKX,5613,"protein kinase, X-linked"
CCCCG7H7,FAH,2184,fumarylacetoacetate hydrolase (fumarylacetoacetase)
CCCCA8B8,PLP2,5355,proteolipid protein 2 (colonic epithelium-enriched)
CCCCC8D8,SOX4,6659,SRY (sex determining region Y)-box 4
CCCCE8F8,TESK1,7016,testis-specific kinase 1
CCCCG8H8,HN1L,90861,hematological and neurological expressed 1-like
CCCCA9B9,RRAGA,10670,Ras-related GTP binding A
CCCCC9D9,ELOVL6,79071,ELOVL fatty acid elongase 6
CCCCE9F9,ACBD3,64746,acyl-CoA binding domain containing 3
CCCCG9H9,PMAIP1,5366,phorbol-12-myristate-13-acetate-induced protein 1
CCCCA10B10,TWF2,11344,"twinfilin, actin-binding protein, homolog 2 (Drosophila)"
CCCCC10D10,HDAC6,10013,histone deacetylase 6
RRRE6F6,CCND1,595,cyclin D1
CCCCG10H10,PXN,5829,paxillin
CCCCA11B11,PHKB,5257,"phosphorylase kinase, beta"
XXXG2H2,NFKBIB,4793,"nuclear factor of kappa light polypeptide gene enhancer in B-cells inhibitor, beta"
CCCCE11F11,CASC3,22794,cancer susceptibility candidate 3
CCCCG11H11,MLEC,9761,malectin
UUUC4D4,GLI2,2736,GLI family zinc finger 2
CCCCC12D12,USP22,23326,ubiquitin specific peptidase 22
CCCCE12F12,TMED10,10972,transmembrane emp24-like trafficking protein 10 (yeast)
CCCCG12H12,CHERP,10523,calcium homeostasis endoplasmic reticulum protein
XXXG9H9,PIK3CA,5290,"phosphoinositide-3-kinase, catalytic, alpha polypeptide"
DDDDC1D1,TRAPPC6A,79090,trafficking protein particle complex 6A
DDDDE1F1,ATP2C1,27032,"ATPase, Ca++ transporting, type 2C, member 1"
DDDDG1H1,USP14,9097,ubiquitin specific peptidase 14 (tRNA-guanine transglycosylase)
DDDDA2B2,APPBP2,10513,amyloid beta precursor protein (cytoplasmic tail) binding protein 2
ZZZE8F8,RPS6,6194,ribosomal protein S6
DDDDE2F2,ECH1,1891,"enoyl CoA hydratase 1, peroxisomal"
DDDDG2H2,HDAC2,3066,histone deacetylase 2
SSSC9D9,DFFA,1676,"DNA fragmentation factor, 45kDa, alpha polypeptide"
DDDDC3D3,MRPL19,9801,mitochondrial ribosomal protein L19
AAAAE5F5,SUZ12,23512,suppressor of zeste 12 homolog (Drosophila)
DDDDG3H3,CSNK2A2,1459,"casein kinase 2, alpha prime polypeptide"
AAAAE8F8,TICAM1,148022,toll-like receptor adaptor molecule 1
DDDDC4D4,KIAA0100,9703,KIAA0100
DDDDE4F4,PAICS,10606,"phosphoribosylaminoimidazole carboxylase, phosphoribosylaminoimidazole succinocarboxamide synthetase"
DDDDG4H4,CDK2,1017,cyclin-dependent kinase 2
SSSC12D12,EDN1,1906,endothelin 1
DDDDC5D5,KIAA0494,9813,KIAA0494
AAAAC3D3,SQSTM1,8878,sequestosome 1
UUUC8D8,HIF1A,3091,"hypoxia inducible factor 1, alpha subunit (basic helix-loop-helix transcription factor)"
DDDDA6B6,WRB,7485,tryptophan rich basic protein
DDDDC6D6,ETFB,2109,"electron-transfer-flavoprotein, beta polypeptide"
DDDDE6F6,CAMSAP2,23271,"calmodulin regulated spectrin-associated protein family, member 2"
DDDDG6H6,ARNT2,9915,aryl-hydrocarbon receptor nuclear translocator 2
DDDDA7B7,SPAG7,9552,sperm associated antigen 7
DDDDC7D7,MAPK1IP1L,93487,mitogen-activated protein kinase 1 interacting protein 1-like
DDDDE7F7,MSH6,2956,mutS homolog 6 (E. coli)
DDDDG7H7,UBE2C,11065,ubiquitin-conjugating enzyme E2C
DDDDA8B8,HS2ST1,9653,heparan sulfate 2-O-sulfotransferase 1
DDDDC8D8,TXLNA,200081,taxilin alpha
DDDDE8F8,DNAJB1,3337,"DnaJ (Hsp40) homolog, subfamily B, member 1"
DDDDG8H8,TOPBP1,11073,topoisomerase (DNA) II binding protein 1
DDDDA9B9,ABCF1,23,"ATP-binding cassette, sub-family F (GCN20), member 1"
DDDDC9D9,LGMN,5641,legumain
YYYC12D12,PTGS2,5743,prostaglandin-endoperoxide synthase 2 (prostaglandin G/H synthase and cyclooxygenase)
XXXA12B12,PLA2G4A,5321,"phospholipase A2, group IVA (cytosolic, calcium-dependent)"
WWWG7H7,MAT2A,4144,"methionine adenosyltransferase II, alpha"
DDDDC10D10,MBTPS1,8720,"membrane-bound transcription factor peptidase, site 1"
DDDDE10F10,ZNF274,10782,zinc finger protein 274
DDDDG10H10,CLIC4,25932,chloride intracellular channel 4
TTTE2F2,EIF4G1,1981,"eukaryotic translation initiation factor 4 gamma, 1"
QQQG12H12,BTK,695,Bruton agammaglobulinemia tyrosine kinase
WWWA12B12,MYL9,10398,"myosin, light chain 9, regulatory"
YYYE10F10,PSMD2,5708,"proteasome (prosome, macropain) 26S subunit, non-ATPase, 2"
SSSA4B4,CLTC,1213,"clathrin, heavy chain (Hc)"
DDDDC12D12,HSD17B10,3028,hydroxysteroid (17-beta) dehydrogenase 10
DDDDE12F12,STX1A,6804,syntaxin 1A (brain)
QQQG3H3,ALDOA,226,"aldolase A, fructose-bisphosphate"
AAAAG4H4,STAT5B,6777,signal transducer and activator of transcription 5B
EEEEC1D1,CCNA2,890,cyclin A2
EEEEE1F1,SDHB,6390,"succinate dehydrogenase complex, subunit B, iron sulfur (Ip)"
TTTC5D5,ETS1,2113,v-ets erythroblastosis virus E26 oncogene homolog 1 (avian)
EEEEA2B2,FOXO4,4303,forkhead box O4
EEEEC2D2,TOMM34,10953,translocase of outer mitochondrial membrane 34
EEEEE2F2,KIAA0907,22889,KIAA0907
EEEEG2H2,HK1,3098,hexokinase 1
EEEEA3B3,PAPD7,11044,PAP associated domain containing 7
EEEEC3D3,PLOD3,8985,"procollagen-lysine, 2-oxoglutarate 5-dioxygenase 3"
EEEEE3F3,TRAK2,66008,"trafficking protein, kinesin binding 2"
EEEEG3H3,VAPB,9217,VAMP (vesicle-associated membrane protein)-associated protein B and C
UUUC12D12,HSPD1,3329,heat shock 60kDa protein 1 (chaperonin)
EEEEC4D4,BUB1B,701,budding uninhibited by benzimidazoles 1 homolog beta (yeast)
EEEEE4F4,MRPL12,6182,mitochondrial ribosomal protein L12
EEEEG4H4,PNP,4860,purine nucleoside phosphorylase
SSSC2D2,CEBPA,1050,"CCAAT/enhancer binding protein (C/EBP), alpha"
YYYA12B12,PSMF1,9491,"proteasome (prosome, macropain) inhibitor subunit 1 (PI31)"
EEEEE5F5,USP1,7398,ubiquitin specific peptidase 1
EEEEG5H5,RPA1,6117,"replication protein A1, 70kDa"
EEEEA6B6,KLHDC2,23588,kelch domain containing 2
EEEEC6D6,SCARB1,949,"scavenger receptor class B, member 1"
EEEEE6F6,TPM1,7168,tropomyosin 1 (alpha)
EEEEG6H6,TM9SF2,9375,transmembrane 9 superfamily member 2
QQQE8F8,ATF6,22926,activating transcription factor 6
EEEEC7D7,NUP88,4927,nucleoporin 88kDa
EEEEE7F7,FUT1,2523,"fucosyltransferase 1 (galactoside 2-alpha-L-fucosyltransferase, H blood group)"
EEEEG7H7,PRUNE,58497,prune homolog (Drosophila)
EEEEA8B8,SYPL1,6856,synaptophysin-like 1
EEEEC8D8,ZNF451,26036,zinc finger protein 451
ZZZE2F2,RALB,5899,v-ral simian leukemia viral oncogene homolog B (ras related; GTP binding protein)
EEEEG8H8,TRIM13,10206,tripartite motif containing 13
EEEEA9B9,FBXO7,25793,F-box protein 7
YYYE2F2,PPARD,5467,peroxisome proliferator-activated receptor delta
EEEEE9F9,ENOSF1,55556,enolase superfamily member 1
AAAAA4B4,STAT3,6774,signal transducer and activator of transcription 3 (acute-phase response factor)
EEEEA10B10,LIG1,3978,"ligase I, DNA, ATP-dependent"
EEEEC10D10,GNB5,10681,"guanine nucleotide binding protein (G protein), beta 5"
EEEEE10F10,INSIG1,3638,insulin induced gene 1
SSSC10D10,DNMT3A,1788,DNA (cytosine-5-)-methyltransferase 3 alpha
EEEEA11B11,HIST2H2BE,8349,"histone cluster 2, H2be"
EEEEC11D11,S100A4,6275,S100 calcium binding protein A4
EEEEE11F11,KTN1,3895,kinectin 1 (kinesin receptor)
EEEEG11H11,ARHGAP1,392,Rho GTPase activating protein 1
EEEEA12B12,LPAR2,9170,lysophosphatidic acid receptor 2
EEEEC12D12,COASY,80347,CoA synthase
ZZZC3D3,RASA1,5921,RAS p21 protein activator (GTPase activating protein) 1
EEEEG12H12,ATMIN,23300,ATM interactor
FFFFA1B1,CASP3,836,"caspase 3, apoptosis-related cysteine peptidase"
YYYG11H11,PSME2,5721,"proteasome (prosome, macropain) activator subunit 2 (PA28 beta)"
FFFFE1F1,NISCH,11188,nischarin
FFFFG1H1,CPSF4,10898,"cleavage and polyadenylation specific factor 4, 30kDa"
FFFFA2B2,COPB2,9276,"coatomer protein complex, subunit beta 2 (beta prime)"
FFFFC2D2,GADD45A,1647,"growth arrest and DNA-damage-inducible, alpha"
FFFFE2F2,SMNDC1,10285,survival motor neuron domain containing 1
FFFFG2H2,NUDCD3,23386,NudC domain containing 3
TTTC10D10,FGFR2,2263,fibroblast growth factor receptor 2
FFFFC3D3,HMGCR,3156,3-hydroxy-3-methylglutaryl-CoA reductase
FFFFE3F3,SLC35B1,10237,"solute carrier family 35, member B1"
FFFFG3H3,TIMP2,7077,TIMP metallopeptidase inhibitor 2
FFFFA4B4,LSM6,11157,"LSM6 homolog, U6 small nuclear RNA associated (S. cerevisiae)"
RRRG2H2,CALM3,808,"calmodulin 3 (phosphorylase kinase, delta)"
FFFFE4F4,SACM1L,22908,SAC1 suppressor of actin mutations 1-like (yeast)
FFFFG4H4,TCERG1,10915,transcription elongation regulator 1
FFFFA5B5,KIAA0196,9897,KIAA0196
FFFFC5D5,DNM1,1759,dynamin 1
FFFFE5F5,DDIT4,54541,DNA-damage-inducible transcript 4
FFFFG5H5,ALAS1,211,"aminolevulinate, delta-, synthase 1"
FFFFA6B6,PAFAH1B1,5048,"platelet-activating factor acetylhydrolase 1b, regulatory subunit 1 (45kDa)"
FFFFC6D6,PSRC1,84722,proline/serine-rich coiled-coil 1
TTTG4H4,ERO1L,30001,ERO1-like (S. cerevisiae)
QQQE5F5,APOE,348,apolipoprotein E
FFFFA7B7,RBM15B,29890,RNA binding motif protein 15B
FFFFC7D7,TOMM70A,9868,translocase of outer mitochondrial membrane 70 homolog A (S. cerevisiae)
FFFFE7F7,CBR1,873,carbonyl reductase 1
FFFFG7H7,PRKCD,5580,"protein kinase C, delta"
XXXA11B11,PIK3R4,30849,"phosphoinositide-3-kinase, regulatory subunit 4"
SSSG6H6,CSNK1E,1454,"casein kinase 1, epsilon"
FFFFE8F8,JUN,3725,jun proto-oncogene
FFFFG8H8,TMEM50A,23585,transmembrane protein 50A
FFFFA9B9,SCCPDH,51097,saccharopine dehydrogenase (putative)
FFFFC9D9,TSC22D3,1831,"TSC22 domain family, member 3"
FFFFE9F9,TFAP2A,7020,transcription factor AP-2 alpha (activating enhancer binding protein 2 alpha)
FFFFG9H9,ZNF395,55893,zinc finger protein 395
FFFFA10B10,VPS72,6944,vacuolar protein sorting 72 homolog (S. cerevisiae)
FFFFC10D10,CLSTN1,22883,calsyntenin 1
FFFFE10F10,MAPK9,5601,mitogen-activated protein kinase 9
ZZZC12D12,SKP1,6500,S-phase kinase-associated protein 1
FFFFA11B11,POP4,10775,"processing of precursor 4, ribonuclease P/MRP subunit (S. cerevisiae)"
FFFFC11D11,NFE2L2,4780,nuclear factor (erythroid-derived 2)-like 2
FFFFE11F11,BLCAP,10904,bladder cancer associated protein
FFFFG11H11,FAM20B,9917,"family with sequence similarity 20, member B"
YYYE8F8,PROS1,5627,protein S (alpha)
FFFFC12D12,CRKL,1399,v-crk sarcoma virus CT10 oncogene homolog (avian)-like
FFFFE12F12,ZNF318,24149,zinc finger protein 318
FFFFG12H12,FDFT1,2222,farnesyl-diphosphate farnesyltransferase 1
XC4D4,TRAP1,10131,TNF receptor-associated protein 1
OA2B2,GTF2A2,2958,"general transcription factor IIA, 2, 12kDa"
YYYC11D11,PSMD9,5715,"proteasome (prosome, macropain) 26S subunit, non-ATPase, 9"
SG6H6,MTFR1,9650,mitochondrial fission regulator 1
RC8D8,UBE2A,7319,ubiquitin-conjugating enzyme E2A
VE3F3,NIT1,4817,nitrilase 1
NNC3D3,SYNGR3,9143,synaptogyrin 3
XXXC2D2,NFKB2,4791,nuclear factor of kappa light polypeptide gene enhancer in B-cells 2 (p49/p100)
YG2H2,STK25,10494,serine/threonine kinase 25
MMA3B3,ABCF3,55324,"ATP-binding cassette, sub-family F (GCN20), member 3"
IIIG8H8,FCHO1,23149,FCH domain only 1
PPE4F4,OXSR1,9943,oxidative-stress responsive 1
MMA8B8,SMARCC1,6599,"SWI/SNF related, matrix associated, actin dependent regulator of chromatin, subfamily c, member 1"
XXXE6F6,PAK6,56924,p21 protein (Cdc42/Rac)-activated kinase 6
UUUG3H3,GHR,2690,growth hormone receptor
VA3B3,GLOD4,51031,glyoxalase domain containing 4
RRRA12B12,CDK4,1019,cyclin-dependent kinase 4
PPE8F8,IL4R,3566,interleukin 4 receptor
YYYC5D5,PRKAG2,51422,"protein kinase, AMP-activated, gamma 2 non-catalytic subunit"
VG9H9,KIT,3815,v-kit Hardy-Zuckerman 4 feline sarcoma viral oncogene homolog
ZZZE1F1,PTPRC,5788,"protein tyrosine phosphatase, receptor type, C"
PPG9H9,PSMG1,8624,"proteasome (prosome, macropain) assembly chaperone 1"
FFFE1F1,TMEM97,27346,transmembrane protein 97
TC8D8,LRRC41,10489,leucine rich repeat containing 41
LLC7D7,KIAA1279,26128,KIAA1279
YE2F2,TCEAL4,79921,transcription elongation factor A (SII)-like 4
YG8H8,NUP133,55746,nucleoporin 133kDa
PPA1B1,NUP62,23636,nucleoporin 62kDa
AAAAA3B3,SPTAN1,6709,"spectrin, alpha, non-erythrocytic 1 (alpha-fodrin)"
YC5D5,MALT1,10892,mucosa associated lymphoid tissue lymphoma translocation gene 1
LLLC6D6,YKT6,10652,YKT6 v-SNARE homolog (S. cerevisiae)
XA11B11,KIF2C,11004,kinesin family member 2C
LE10F10,NNT,23530,nicotinamide nucleotide transhydrogenase
SSSC4D4,COL1A1,1277,"collagen, type I, alpha 1"
RRRG10H10,CDC25A,993,cell division cycle 25 homolog A (S. pombe)
AAAAC11D11,TP53,7157,tumor protein p53
IIC8D8,IQGAP1,8826,IQ motif containing GTPase activating protein 1
TTTA1B1,EGR1,1958,early growth response 1
WWWA11B11,MUC1,4582,"mucin 1, cell surface associated"
QQQC9D9,AURKB,9212,aurora kinase B
TTA2B2,HSPA4,3308,heat shock 70kDa protein 4
OOE9F9,TOP2A,7153,topoisomerase (DNA) II alpha 170kDa
XXXC1D1,NCK2,8440,NCK adaptor protein 2
QQQA9B9,AURKA,6790,aurora kinase A
MMC12D12,B3GNT1,11041,"UDP-GlcNAc:betaGal beta-1,3-N-acetylglucosaminyltransferase 1"
RRRE12F12,CDK5R1,8851,"cyclin-dependent kinase 5, regulatory subunit 1 (p35)"
NNNG3H3,SCP2,6342,sterol carrier protein 2
JJA4B4,RAD9A,5883,RAD9 homolog A (S. pombe)
OE1F1,DRAP1,10589,DR1-associated protein 1 (negative cofactor 2 alpha)
RA5B5,PCMT1,5110,protein-L-isoaspartate (D-aspartate) O-methyltransferase
UUUC1D1,FYN,2534,"FYN oncogene related to SRC, FGR, YES"
PPE3F3,MYC,4609,v-myc myelocytomatosis viral oncogene homolog (avian)
OOG1H1,POLB,5423,"polymerase (DNA directed), beta"
MMC4D4,CETN3,1070,"centrin, EF-hand protein, 3"
KKE8F8,SMC4,10051,structural maintenance of chromosomes 4
OE3F3,SMARCD2,6603,"SWI/SNF related, matrix associated, actin dependent regulator of chromatin, subfamily d, member 2"
XG10H10,MPZL1,9019,myelin protein zero-like 1
XXXA5B5,NRAS,4893,neuroblastoma RAS viral (v-ras) oncogene homolog
NNA10B10,EBNA1BP2,10969,EBNA1 binding protein 2
IIIE3F3,TATDN2,9797,TatD DNase domain containing 2
NE12F12,LRPAP1,4043,low density lipoprotein receptor-related protein associated protein 1
QQQG11H11,BNIP3L,665,BCL2/adenovirus E1B 19kDa interacting protein 3-like
PC8D8,TBPL1,9519,TBP-like 1
OG9H9,RAE1,8480,RAE1 RNA export 1 homolog (S. pombe)
AAAE3F3,CDK1,983,cyclin-dependent kinase 1
MMG12H12,SLC35A1,10559,"solute carrier family 35 (CMP-sialic acid transporter), member A1"
OG12H12,NIPSNAP1,8508,nipsnap homolog 1 (C. elegans)
OG4H4,BCL7B,9275,B-cell CLL/lymphoma 7B
PPA8B8,TIMELESS,8914,timeless homolog (Drosophila)
MMC5D5,DHX29,54505,DEAH (Asp-Glu-Ala-His) box polypeptide 29
WWWA10B10,MMP2,4313,"matrix metallopeptidase 2 (gelatinase A, 72kDa gelatinase, 72kDa type IV collagenase)"
PPG11H11,TCEA2,6919,"transcription elongation factor A (SII), 2"
IIA4B4,FHL2,2274,four and a half LIM domains 2
RRG10H10,FKBP4,2288,"FK506 binding protein 4, 59kDa"
TG2H2,KAT6A,7994,K(lysine) acetyltransferase 6A
SSSA1B1,CDK7,1022,cyclin-dependent kinase 7
TTE1F1,MAP3K4,4216,mitogen-activated protein kinase kinase kinase 4
OOG10H10,ZFP36,7538,"zinc finger protein 36, C3H type, homolog (mouse)"
PPG5H5,INPP1,3628,inositol polyphosphate-1-phosphatase
ZZZG1H1,RAC2,5880,"ras-related C3 botulinum toxin substrate 2 (rho family, small GTP binding protein Rac2)"
UUUC10D10,HMOX1,3162,heme oxygenase (decycling) 1
SSSG4H4,COL4A1,1282,"collagen, type IV, alpha 1"
IIE9F9,EPB41L2,2037,erythrocyte membrane protein band 4.1-like 2
NNC8D8,GNAI2,2771,"guanine nucleotide binding protein (G protein), alpha inhibiting activity polypeptide 2"
YG11H11,TSTA3,7264,tissue specific transplantation antigen P35B
PA12B12,DNMT1,1786,DNA (cytosine-5-)-methyltransferase 1
NG5H5,RAB27A,5873,"RAB27A, member RAS oncogene family"
SSC8D8,DDR1,780,discoidin domain receptor tyrosine kinase 1
TE9F9,LPGAT1,9926,lysophosphatidylglycerol acyltransferase 1
PPG4H4,DUSP11,8446,dual specificity phosphatase 11 (RNA/RNP complex 1-interacting)
MC5D5,TP53BP2,7159,"tumor protein p53 binding protein, 2"
PPG1H1,CDKN1A,1026,"cyclin-dependent kinase inhibitor 1A (p21, Cip1)"
EEEC12D12,TJP1,7082,tight junction protein 1 (zona occludens 1)
AAE9F9,ABCB6,10058,"ATP-binding cassette, sub-family B (MDR/TAP), member 6"
VG7H7,MTHFD2,10797,"methylenetetrahydrofolate dehydrogenase (NADP+ dependent) 2, methenyltetrahydrofolate cyclohydrolase"
PPA10B10,PRAF2,11230,"PRA1 domain family, member 2"
RC7D7,DNTTIP2,30836,"deoxynucleotidyltransferase, terminal, interacting protein 2"
UC1D1,HTATSF1,27336,HIV-1 Tat specific factor 1
RC2D2,NCAPD2,9918,"non-SMC condensin I complex, subunit D2"
RRE11F11,TMEM109,79073,transmembrane protein 109
UUUE12F12,ICAM1,3383,intercellular adhesion molecule 1
KKC6D6,NUP93,9688,nucleoporin 93kDa
UG11H11,PLA2G15,23659,"phospholipase A2, group XV"
UUA12B12,PIP4K2B,8396,"phosphatidylinositol-5-phosphate 4-kinase, type II, beta"
UA6B6,MYCBP2,23077,MYC binding protein 2
KKC10D10,PGRMC1,10857,progesterone receptor membrane component 1
YC4D4,AARS,16,alanyl-tRNA synthetase
MMC10D10,GPC1,2817,glypican 1
IIC10D10,ELAC2,60528,elaC homolog 2 (E. coli)
ZG7H7,PLSCR1,5359,phospholipid scramblase 1
LLLG4H4,CTSL1,1514,cathepsin L1
KKA2B2,CTSD,1509,cathepsin D
OOG3H3,ARHGEF2,9181,Rho/Rac guanine nucleotide exchange factor (GEF) 2
XC6D6,ILK,3611,integrin-linked kinase
QG10H10,NFIL3,4783,"nuclear factor, interleukin 3 regulated"
ZZC9D9,ARL4C,10123,ADP-ribosylation factor-like 4C
TC7D7,CPNE3,8895,copine III
RRRG1H1,C5,727,complement component 5
IIC9D9,SCRN1,9805,secernin 1
HHE10F10,MAN2B1,4125,"mannosidase, alpha, class 2B, member 1"
XXXE2F2,NFKBIA,4792,"nuclear factor of kappa light polypeptide gene enhancer in B-cells inhibitor, alpha"
OOA11B11,DCTD,1635,dCMP deaminase
OOA8B8,MBNL1,4154,muscleblind-like (Drosophila)
NNNE4F4,MYCBP,26292,c-myc binding protein
XG12H12,PTPN1,5770,"protein tyrosine phosphatase, non-receptor type 1"
NNG11H11,BRP44,25874,brain protein 44
MME3F3,ECD,11319,ecdysoneless homolog (Drosophila)
KKC2D2,CIRBP,1153,cold inducible RNA binding protein
XXXA3B3,NFKBIE,4794,"nuclear factor of kappa light polypeptide gene enhancer in B-cells inhibitor, epsilon"
MC3D3,PRSS23,11098,"protease, serine, 23"
RRRC7D7,CCNH,902,cyclin H
LE1F1,P4HA2,8974,"prolyl 4-hydroxylase, alpha polypeptide II"
KKG9H9,ATP6V0B,533,"ATPase, H+ transporting, lysosomal 21kDa, V0 subunit b"
YA2B2,CAPN1,823,"calpain 1, (mu/I) large subunit"
SSA8B8,STXBP1,6812,syntaxin binding protein 1
NNG8H8,ITGB5,3693,"integrin, beta 5"
MMA12B12,SLC11A2,4891,"solute carrier family 11 (proton-coupled divalent metal ion transporters), member 2"
OOA2B2,PDIA5,10954,"protein disulfide isomerase family A, member 5"
RRA9B9,RAP1GAP,5909,RAP1 GTPase activating protein
QQE6F6,NOLC1,9221,nucleolar and coiled-body phosphoprotein 1
OOC10D10,CAT,847,catalase
RC3D3,DUSP14,11072,dual specificity phosphatase 14
UUUA10B10,HMGA2,8091,high mobility group AT-hook 2
VVVG3H3,IGFBP3,3486,insulin-like growth factor binding protein 3
PPE1F1,TRIB1,10221,tribbles homolog 1 (Drosophila)
LC7D7,TP53BP1,7158,tumor protein p53 binding protein 1
UUUA1B1,FRS2,10818,fibroblast growth factor receptor substrate 2
XA9B9,BECN1,8678,"beclin 1, autophagy related"
NNNE3F3,KDELR2,11014,KDEL (Lys-Asp-Glu-Leu) endoplasmic reticulum protein retention receptor 2
SSC9D9,ELAVL1,1994,"ELAV (embryonic lethal, abnormal vision, Drosophila)-like 1 (Hu antigen R)"
VVVE2F2,IFNAR1,3454,"interferon (alpha, beta and omega) receptor 1"
WWWC9D9,MIF,4282,macrophage migration inhibitory factor (glycosylation-inhibiting factor)
SSSE8F8,DAG1,1605,dystroglycan 1 (dystrophin-associated glycoprotein 1)
VVVE3F3,IGF2BP2,10644,insulin-like growth factor 2 mRNA binding protein 2
IIC3D3,IGF2R,3482,insulin-like growth factor 2 receptor
IIIE1F1,TIPARP,25976,TCDD-inducible poly(ADP-ribose) polymerase
UUG10H10,CRTAP,10491,cartilage associated protein
SE9F9,GMNN,51053,"geminin, DNA replication inhibitor"
OOA1B1,CYTH1,9267,cytohesin 1
OE12F12,PRCP,5547,prolylcarboxypeptidase (angiotensinase C)
YA3B3,SMARCA4,6597,"SWI/SNF related, matrix associated, actin dependent regulator of chromatin, subfamily a, member 4"
OA6B6,PYGL,5836,"phosphorylase, glycogen, liver"
ZE12F12,RPA2,6118,"replication protein A2, 32kDa"
TTTG3H3,ERBB3,2065,v-erb-b2 erythroblastic leukemia viral oncogene homolog 3 (avian)
SA3B3,GTF2E2,2961,"general transcription factor IIE, polypeptide 2, beta 34kDa"
OA8B8,ANXA7,310,annexin A7
PG5H5,TXNRD1,7296,thioredoxin reductase 1
UUUE1F1,FZD1,8321,frizzled family receptor 1
IIC6D6,CRYZ,1429,"crystallin, zeta (quinone reductase)"
PPG6H6,GAA,2548,"glucosidase, alpha; acid"
PG11H11,SKIV2L,6499,superkiller viralicidic activity 2-like (S. cerevisiae)
AAE10F10,BLMH,642,bleomycin hydrolase
NE9F9,RRP1B,23076,ribosomal RNA processing 1 homolog B (S. cerevisiae)
MMG1H1,TSPAN3,10099,tetraspanin 3
XXXG10H10,PIK3R3,8503,"phosphoinositide-3-kinase, regulatory subunit 3 (gamma)"
NG12H12,KEAP1,9817,kelch-like ECH-associated protein 1
AAAAC7D7,TFDP1,7027,transcription factor Dp-1
PA9B9,SMC3,9126,structural maintenance of chromosomes 3
NNA11B11,LBR,3930,lamin B receptor
NG6H6,PPIE,10450,peptidylprolyl isomerase E (cyclophilin E)
OOE8F8,TERF2IP,54386,"telomeric repeat binding factor 2, interacting protein"
MG11H11,BNIP3,664,BCL2/adenovirus E1B 19kDa interacting protein 3
TE7F7,BCL2,596,B-cell CLL/lymphoma 2
PA7B7,RBM6,10180,RNA binding motif protein 6
AAG12H12,CSK,1445,c-src tyrosine kinase
MMG2H2,ALDOC,230,"aldolase C, fructose-bisphosphate"
MME8F8,UBE2L6,9246,ubiquitin-conjugating enzyme E2L 6
AAAAG5H5,SYK,6850,spleen tyrosine kinase
LC4D4,PCBD1,5092,pterin-4 alpha-carbinolamine dehydratase/dimerization cofactor of hepatocyte nuclear factor 1 alpha
NNE10F10,ICMT,23463,isoprenylcysteine carboxyl methyltransferase
TTTC2D2,EIF4EBP1,1978,eukaryotic translation initiation factor 4E binding protein 1
NNE11F11,GNPDA1,10007,glucosamine-6-phosphate deaminase 1
RRRG6H6,CCND3,896,cyclin D3
MC12D12,NUCB2,4925,nucleobindin 2
ZE4F4,RSU1,6251,Ras suppressor protein 1
ZZZC1D1,PTPN6,5777,"protein tyrosine phosphatase, non-receptor type 6"
SSSA11B11,DUSP4,1846,dual specificity phosphatase 4
SSA5B5,PTPN12,5782,"protein tyrosine phosphatase, non-receptor type 12"
OE5F5,PCK2,5106,phosphoenolpyruvate carboxykinase 2 (mitochondrial)
ZZZG3H3,RB1,5925,retinoblastoma 1
SE3F3,GFPT1,2673,glutamine--fructose-6-phosphate transaminase 1
YYC6D6,BLVRA,644,biliverdin reductase A
KKA11B11,S100A13,6284,S100 calcium binding protein A13
RRC7D7,MYBL2,4605,v-myb myeloblastosis viral oncogene homolog (avian)-like 2
SSA12B12,STX4,6810,syntaxin 4
UUC11D11,TMCO1,54499,transmembrane and coiled-coil domains 1
XXXG6H6,PARP1,142,poly (ADP-ribose) polymerase 1
NNC2D2,CCDC85B,11007,coiled-coil domain containing 85B
AAG5H5,DDB2,1643,"damage-specific DNA binding protein 2, 48kDa"
OG7H7,BAMBI,25805,BMP and activin membrane-bound inhibitor homolog (Xenopus laevis)
KKA10B10,HADH,3033,hydroxyacyl-CoA dehydrogenase
YC3D3,GLRX,2745,glutaredoxin (thioltransferase)
SSE10F10,MVP,9961,major vault protein
OOG7H7,STMN1,3925,stathmin 1
MG5H5,GALE,2582,UDP-galactose-4-epimerase
UUC4D4,PTPRF,5792,"protein tyrosine phosphatase, receptor type, F"
YG7H7,PGM1,5236,phosphoglucomutase 1
RE6F6,LOXL1,4016,lysyl oxidase-like 1
XG5H5,MYO10,4651,myosin X
MG2H2,LIPA,3988,"lipase A, lysosomal acid, cholesterol esterase"
NNC10D10,PHGDH,26227,phosphoglycerate dehydrogenase
LLC9D9,ST7,7982,suppression of tumorigenicity 7
UC9D9,IKBKB,3551,"inhibitor of kappa light polypeptide gene enhancer in B-cells, kinase beta"
YA4B4,PCM1,5108,pericentriolar material 1
NNG10H10,IER3,8870,immediate early response 3
AAE2F2,FAT1,2195,FAT tumor suppressor homolog 1 (Drosophila)
MC2D2,RNMT,8731,RNA (guanine-7-) methyltransferase
SSA10B10,EGFR,1956,epidermal growth factor receptor
MMG8H8,NET1,10276,neuroepithelial cell transforming 1
PPG3H3,DECR1,1666,"2,4-dienoyl CoA reductase 1, mitochondrial"
RRRG12H12,CDK6,1021,cyclin-dependent kinase 6
VA9B9,NPC1,4864,"Niemann-Pick disease, type C1"
LE12F12,MEST,4232,mesoderm specific transcript homolog (mouse)
NG7H7,PAFAH1B3,5050,"platelet-activating factor acetylhydrolase 1b, catalytic subunit 3 (29kDa)"
MMC7D7,CALU,813,calumenin
LLA4B4,LGALS8,3964,"lectin, galactoside-binding, soluble, 8"
OOA10B10,LRP10,26020,low density lipoprotein receptor-related protein 10
WE12F12,ATP1B1,481,"ATPase, Na+/K+ transporting, beta 1 polypeptide"
PE6F6,OXCT1,5019,3-oxoacid CoA transferase 1
SC5D5,SLC25A4,291,"solute carrier family 25 (mitochondrial carrier; adenine nucleotide translocator), member 4"
YYYE9F9,PSMB10,5699,"proteasome (prosome, macropain) subunit, beta type, 10"
MMMA1B1,ASCC3,10973,activating signal cointegrator 1 complex subunit 3
PPG2H2,TRAM2,9697,translocation associated membrane protein 2
SG4H4,PYCR1,5831,pyrroline-5-carboxylate reductase 1
OA9B9,NCOA3,8202,nuclear receptor coactivator 3
UC7D7,POLD4,57804,"polymerase (DNA-directed), delta 4"
TTTA12B12,FOSL1,8061,FOS-like antigen 1
PPC6D6,PRKACA,5566,"protein kinase, cAMP-dependent, catalytic, alpha"
LLE5F5,LYRM1,57149,LYR motif containing 1
HHHE5F5,VDAC1,7416,voltage-dependent anion channel 1
HHHG11H11,SORBS3,10174,sorbin and SH3 domain containing 3
HHHG9H9,SPAG4,6676,sperm associated antigen 4
SSSG11H11,E2F2,1870,E2F transcription factor 2
IIC4D4,SLC5A6,8884,"solute carrier family 5 (sodium-dependent vitamin transporter), member 6"
IIG10H10,RGS2,5997,"regulator of G-protein signaling 2, 24kDa"
IIG4H4,SCYL3,57147,SCY1-like 3 (S. cerevisiae)
IIG7H7,TBX2,6909,T-box 2
IIIC6D6,DNAJA3,9093,"DnaJ (Hsp40) homolog, subfamily A, member 3"
IIIG5H5,DCUN1D4,23142,"DCN1, defective in cullin neddylation 1, domain containing 4 (S. cerevisiae)"
JJA10B10,DYRK3,8444,dual-specificity tyrosine-(Y)-phosphorylation regulated kinase 3
JJA7B7,POLG2,11232,"polymerase (DNA directed), gamma 2, accessory subunit"
JJC1D1,TRAPPC3,27095,trafficking protein particle complex 3
JJC4D4,TCFL5,10732,transcription factor-like 5 (basic helix-loop-helix)
SSSA6B6,CRK,1398,v-crk sarcoma virus CT10 oncogene homolog (avian)
JJG10H10,RBM34,23029,RNA binding motif protein 34
JJJE5F5,ITGB1BP1,9270,integrin beta 1 binding protein 1
JJJE7F7,ACLY,47,ATP citrate lyase
JJJG4H4,RAD51C,5889,RAD51 homolog C (S. cerevisiae)
JJJG6H6,SMC1A,8243,structural maintenance of chromosomes 1A
JJJG7H7,YME1L1,10730,YME1-like 1 (S. cerevisiae)
KKA6B6,ACAA1,30,acetyl-CoA acyltransferase 1
UUUG11H11,HSPA8,3312,heat shock 70kDa protein 8
RRRC6D6,CCNB1,891,cyclin B1
KKC7D7,WFS1,7466,Wolfram syndrome 1 (wolframin)
KKE5F5,UBE3B,89910,ubiquitin protein ligase E3B
KKKC10D10,NPDC1,56654,"neural proliferation, differentiation and control, 1"
KKKG3H3,ALDH7A1,501,"aldehyde dehydrogenase 7 family, member A1"
XXXG1H1,NFATC3,4775,"nuclear factor of activated T-cells, cytoplasmic, calcineurin-dependent 3"
XXXA7B7,PCNA,5111,proliferating cell nuclear antigen
LLE10F10,POLR2I,5438,"polymerase (RNA) II (DNA directed) polypeptide I, 14.5kDa"
YYYA10B10,PSMB8,5696,"proteasome (prosome, macropain) subunit, beta type, 8 (large multifunctional peptidase 7)"
LLG10H10,AKAP8L,26993,A kinase (PRKA) anchor protein 8-like
LLG4H4,PLEKHJ1,55111,"pleckstrin homology domain containing, family J member 1"
MMME2F2,HAT1,8520,histone acetyltransferase 1
MMMG4H4,G3BP1,10146,GTPase activating protein (SH3 domain) binding protein 1
MMMG8H8,TPD52L2,7165,tumor protein D52-like 2
NNE9F9,PIH1D1,55011,PIH1 domain containing 1
YYYC7D7,PRKCQ,5588,"protein kinase C, theta"
ZZA5B5,SHB,6461,Src homology 2 domain containing adaptor protein B
TTE10F10,UTP14A,10813,"UTP14, U3 small nucleolar ribonucleoprotein, homolog A (yeast)"
NNA7B7,TSEN2,80746,tRNA splicing endonuclease 2 homolog (S. cerevisiae)
AAAAC5D5,SUV39H1,6839,suppressor of variegation 3-9 homolog 1 (Drosophila)
MMME7F7,LYPLA1,10434,lysophospholipase I
QQQG10H10,BIRC2,329,baculoviral IAP repeat containing 2
NNA3B3,MAP2K5,5607,mitogen-activated protein kinase kinase 5
LA1B1,PUF60,22827,poly-U binding splicing factor 60KDa
MMME12F12,DHRS7,51635,dehydrogenase/reductase (SDR family) member 7
ZZA9B9,ARID5B,84159,AT rich interactive domain 5B (MRF1-like)
XXXG5H5,PAK1,5058,p21 protein (Cdc42/Rac)-activated kinase 1
RRRE11F11,CDC42,998,"cell division cycle 42 (GTP binding protein, 25kDa)"
TTC9D9,IGHMBP2,3508,immunoglobulin mu binding protein 2
QQC9D9,ADO,84890,2-aminoethanethiol (cysteamine) dioxygenase
EEEA11B11,TCTN1,79600,tectonic family member 1
HHG10H10,AKR7A2,8574,"aldo-keto reductase family 7, member A2 (aflatoxin aldehyde reductase)"
QC3D3,PPP2R5E,5529,"protein phosphatase 2, regulatory subunit B', epsilon isoform"
CCCG3H3,LAMA3,3909,"laminin, alpha 3"
RRRA7B7,CCNE2,9134,cyclin E2
IIIC4D4,FEZ2,9637,fasciculation and elongation protein zeta 2 (zygin II)
AAA11B11,IKBKAP,8518,"inhibitor of kappa light polypeptide gene enhancer in B-cells, kinase complex-associated protein"
JJJC12D12,SGCB,6443,"sarcoglycan, beta (43kDa dystrophin-associated glycoprotein)"
MMMG11H11,ENOPH1,58478,enolase-phosphatase 1
PPA9B9,CNOT4,4850,"CCR4-NOT transcription complex, subunit 4"
AAAAE1F1,SNAP25,6616,"synaptosomal-associated protein, 25kDa"
HHC4D4,JMJD6,23210,jumonji domain containing 6
IIIG12H12,SLC35F2,54733,"solute carrier family 35, member F2"
ZZC8D8,ANO10,55129,anoctamin 10
PA5B5,STUB1,10273,"STIP1 homology and U-box containing protein 1, E3 ubiquitin protein ligase"
XXXA9B9,PGAM1,5223,phosphoglycerate mutase 1 (brain)
NE11F11,BAD,572,BCL2-associated agonist of cell death
RRE5F5,PSMD10,5716,"proteasome (prosome, macropain) 26S subunit, non-ATPase, 10"
PPE11F11,RAB11FIP2,22841,RAB11 family interacting protein 2 (class I)
HHG2H2,FPGS,2356,folylpolyglutamate synthase
QQG9H9,RNH1,6050,ribonuclease/angiogenin inhibitor 1
MMMG5H5,ATG3,64422,ATG3 autophagy related 3 homolog (S. cerevisiae)
XXXA1B1,NCK1,4690,NCK adaptor protein 1
YYG6H6,CFLAR,8837,CASP8 and FADD-like apoptosis regulator
LE9F9,HEATR1,55127,HEAT repeat containing 1
QQA10B10,WDR7,23335,WD repeat domain 7
PPC11D11,AKAP8,10270,A kinase (PRKA) anchor protein 8
ZZC5D5,SLC1A4,6509,"solute carrier family 1 (glutamate/neutral amino acid transporter), member 4"
KKA1B1,GRWD1,83743,glutamate-rich WD repeat containing 1
NNNE6F6,STAT1,6772,"signal transducer and activator of transcription 1, 91kDa"
JJE7F7,FOXJ3,22887,forkhead box J3
UUG3H3,MTERFD1,51001,MTERF domain containing 1
RRG5H5,CHIC2,26511,cysteine-rich hydrophobic domain 2
SSC3D3,USP7,7874,ubiquitin specific peptidase 7 (herpes virus-associated)
TTE12F12,NOSIP,51070,nitric oxide synthase interacting protein
TTA1B1,DLD,1738,dihydrolipoamide dehydrogenase
NNNA7B7,IDE,3416,insulin-degrading enzyme
RRRA9B9,CD40,958,"CD40 molecule, TNF receptor superfamily member 5"
LE6F6,PRPF4,9128,PRP4 pre-mRNA processing factor 4 homolog (yeast)
OE6F6,MELK,9833,maternal embryonic leucine zipper kinase
SSSG8H8,DAXX,1616,death-domain associated protein
EEEG5H5,SMAD3,4088,SMAD family member 3
WWG11H11,OXA1L,5018,oxidase (cytochrome c) assembly 1-like
EEEG6H6,SNX7,51375,sorting nexin 7
LLE1F1,CDCA4,55038,cell division cycle associated 4
ZG4H4,TBC1D9B,23061,"TBC1 domain family, member 9B (with GRAM domain)"
RRRE10F10,CDC20,991,cell division cycle 20 homolog (S. cerevisiae)
SSE3F3,NARFL,64428,nuclear prelamin A recognition factor-like
OOA12B12,DDX42,11325,DEAD (Asp-Glu-Ala-Asp) box polypeptide 42
SSC4D4,IKBKE,9641,"inhibitor of kappa light polypeptide gene enhancer in B-cells, kinase epsilon"
RRRC5D5,CCL2,6347,chemokine (C-C motif) ligand 2
TTE11F11,WDTC1,23038,WD and tetratricopeptide repeats 1
IIIE8F8,PLSCR3,57048,phospholipid scramblase 3
UUG9H9,H2AFV,94239,"H2A histone family, member V"
RG10H10,NUSAP1,51203,nucleolar and spindle associated protein 1
YE5F5,FAM69A,388650,"family with sequence similarity 69, member A"
AAAAE3F3,SRC,6714,v-src sarcoma (Schmidt-Ruppin A-2) viral oncogene homolog (avian)
QQQE11F11,BMP4,652,bone morphogenetic protein 4
MC1D1,XPO7,23039,exportin 7
MMG6H6,FAIM,55179,Fas apoptotic inhibitory molecule
MMMG2H2,PXMP2,5827,"peroxisomal membrane protein 2, 22kDa"
QE2F2,TIMM17B,10245,translocase of inner mitochondrial membrane 17 homolog B (yeast)
MMMG6H6,STXBP2,6813,syntaxin binding protein 2
WWWE10F10,MNAT1,4331,"menage a trois homolog 1, cyclin H assembly factor (Xenopus laevis)"
PPC7D7,HPRT1,3251,hypoxanthine phosphoribosyltransferase 1
IIIA1B1,RRS1,23212,RRS1 ribosome biogenesis regulator homolog (S. cerevisiae)
UUA2B2,ADAT1,23536,"adenosine deaminase, tRNA-specific 1"
QA7B7,SCAND1,51282,SCAN domain containing 1
MMMC2D2,MFSD10,10227,major facilitator superfamily domain containing 10
QA9B9,COPS7A,50813,COP9 constitutive photomorphogenic homolog subunit 7A (Arabidopsis)
NE2F2,FIS1,51024,fission 1 (mitochondrial outer membrane) homolog (S. cerevisiae)
RRA2B2,NUDT9,53343,nudix (nucleoside diphosphate linked moiety X)-type motif 9
QE3F3,CSRP1,1465,cysteine and glycine-rich protein 1
HHHG8H8,METRN,79006,"meteorin, glial cell differentiation regulator"
QG6H6,TCTA,6988,T-cell leukemia translocation altered gene
SG12H12,TLK2,11011,tousled-like kinase 2
NNA5B5,KIAA1033,23325,KIAA1033
VVC12D12,DNAJB6,10049,"DnaJ (Hsp40) homolog, subfamily B, member 6"
AAAAG9H9,TLR4,7099,toll-like receptor 4
BBBC10D10,HMGCS1,3157,3-hydroxy-3-methylglutaryl-CoA synthase 1 (soluble)
JJC10D10,SPRED2,200734,"sprouty-related, EVH1 domain containing 2"
ZZA3B3,MAP7,9053,microtubule-associated protein 7
TTE8F8,CHAC1,79094,"ChaC, cation transport regulator homolog 1 (E. coli)"
RRA6B6,GNAS,2778,GNAS complex locus
LLC4D4,TEX10,54881,testis expressed 10
FFFA8B8,ZNF586,54807,zinc finger protein 586
VVVA4B4,IKZF1,10320,IKAROS family zinc finger 1 (Ikaros)
YYA6B6,APBB2,323,"amyloid beta (A4) precursor protein-binding, family B, member 2"
QQA4B4,RNF167,26001,ring finger protein 167
TTTC3D3,EPHA3,2042,EPH receptor A3
PA1B1,TXNDC9,10190,thioredoxin domain containing 9
YYE2F2,VGLL4,9686,vestigial like 4 (Drosophila)
RRRG3H3,CASP10,843,"caspase 10, apoptosis-related cysteine peptidase"
OOC7D7,YTHDF1,54915,"YTH domain family, member 1"
LLLE7F7,LSM5,23658,"LSM5 homolog, U6 small nuclear RNA associated (S. cerevisiae)"
VG6H6,ZMYM2,7750,"zinc finger, MYM-type 2"
OOG6H6,CHMP6,79643,charged multivesicular body protein 6
RRRE4F4,CASP7,840,"caspase 7, apoptosis-related cysteine peptidase"
QQC5D5,PIGB,9488,"phosphatidylinositol glycan anchor biosynthesis, class B"
VVC7D7,CHEK2,11200,CHK2 checkpoint homolog (S. pombe)
QQE1F1,ACD,65057,adrenocortical dysplasia homolog (mouse)
QQC10D10,SUPV3L1,6832,"suppressor of var1, 3-like 1 (S. cerevisiae)"
NNG4H4,GPATCH8,23131,G patch domain containing 8
AAAAC8D8,TGFBR2,7048,"transforming growth factor, beta receptor II (70/80kDa)"
XXXE4F4,NOTCH1,4851,notch 1
ZZZE10F10,SHC1,6464,SHC (Src homology 2 domain containing) transforming protein 1
KKKA12B12,ARPP19,10776,"cAMP-regulated phosphoprotein, 19kDa"
NC10D10,RTN2,6253,reticulon 2
HHA4B4,NPEPL1,79716,aminopeptidase-like 1
ZZZG11H11,SIRT3,23410,sirtuin 3
QQC1D1,UBQLN2,29978,ubiquilin 2
PPC9D9,DMTF1,9988,cyclin D binding myb-like transcription factor 1
QQC2D2,CLPX,10845,ClpX caseinolytic peptidase X homolog (E. coli)
UUG6H6,TXNL4B,54957,thioredoxin-like 4B
UUA7B7,PRR15L,79170,proline rich 15-like
RA12B12,ST6GALNAC2,10610,"ST6 (alpha-N-acetyl-neuraminyl-2,3-beta-galactosyl-1,3)-N-acetylgalactosaminide alpha-2,6-sialyltransferase 2"
ZZG6H6,ADH5,128,"alcohol dehydrogenase 5 (class III), chi polypeptide"
NNNC6D6,GOLT1B,51026,golgi transport 1B
QQA2B2,PPOX,5498,protoporphyrinogen oxidase
MA12B12,CANT1,124583,calcium activated nucleotidase 1
MME5F5,HOMER2,9455,homer homolog 2 (Drosophila)
NNNG7H7,CLTB,1212,"clathrin, light chain B"
JJE6F6,PHKA1,5255,"phosphorylase kinase, alpha 1 (muscle)"
SSSC8D8,CYCS,54205,"cytochrome c, somatic"
JJJG12H12,MAP4K4,9448,mitogen-activated protein kinase kinase kinase kinase 4
LLA7B7,PAN2,9924,PAN2 poly(A) specific ribonuclease subunit homolog (S. cerevisiae)
LLLC9D9,PPIC,5480,peptidylprolyl isomerase C (cyclophilin C)
YYG8H8,EIF5,1983,eukaryotic translation initiation factor 5
UUUA5B5,GNAI1,2770,"guanine nucleotide binding protein (G protein), alpha inhibiting activity polypeptide 1"
PG1H1,TM9SF3,56889,transmembrane 9 superfamily member 3
AAG8H8,CCDC86,79080,coiled-coil domain containing 86
NNA2B2,SLC25A14,9016,"solute carrier family 25 (mitochondrial carrier, brain), member 14"
EEEE10F10,TBXA2R,6915,thromboxane A2 receptor
TTTE6F6,FBXO11,80204,F-box protein 11
QQG12H12,HERPUD1,9709,"homocysteine-inducible, endoplasmic reticulum stress-inducible, ubiquitin-like domain member 1"
LLLG6H6,RPL39L,116832,ribosomal protein L39-like
QQG5H5,BPHL,670,biphenyl hydrolase-like (serine hydrolase)
WE7F7,MAPKAPK3,7867,mitogen-activated protein kinase-activated protein kinase 3
JJG8H8,MBOAT7,79143,membrane bound O-acyltransferase domain containing 7
MMA6B6,PNKP,11284,polynucleotide kinase 3'-phosphatase
IIIA7B7,SLC35A3,23443,"solute carrier family 35 (UDP-N-acetylglucosamine (UDP-GlcNAc) transporter), member A3"
QQC7D7,LSR,51599,lipolysis stimulated lipoprotein receptor
WWWG8H8,MEF2C,4208,myocyte enhancer factor 2C
RA2B2,KDM5A,5927,lysine (K)-specific demethylase 5A
SSC6D6,FAM63A,55793,"family with sequence similarity 63, member A"
NNNA6B6,RAB4A,5867,"RAB4A, member RAS oncogene family"
MG10H10,IFRD2,7866,interferon-related developmental regulator 2
MMMG1H1,BACE2,25825,beta-site APP-cleaving enzyme 2
RC10D10,LYN,4067,v-yes-1 Yamaguchi sarcoma viral related oncogene homolog
LLE4F4,ISOC1,51015,isochorismatase domain containing 1
SSSG10H10,DUSP3,1845,dual specificity phosphatase 3
LLE9F9,MOK,5891,MOK protein kinase
YYYC3D3,PPP1R13B,23368,"protein phosphatase 1, regulatory subunit 13B"
ZG3H3,DNAJB2,3300,"DnaJ (Hsp40) homolog, subfamily B, member 2"
KKG4H4,CERK,64781,ceramide kinase
PA6B6,LAP3,51056,leucine aminopeptidase 3
JJC11D11,MAPKAPK5,8550,mitogen-activated protein kinase-activated protein kinase 5
KKKC9D9,HDGFRP3,50810,"hepatoma-derived growth factor, related protein 3"
YYYG6H6,PRKCH,5583,"protein kinase C, eta"
JJE2F2,RAB21,23011,"RAB21, member RAS oncogene family"
MMMA11B11,PSIP1,11168,PC4 and SFRS1 interacting protein 1
RRC12D12,CREB1,1385,cAMP responsive element binding protein 1
UA12B12,MBNL2,10150,muscleblind-like 2 (Drosophila)
IIIC9D9,PACSIN3,29763,protein kinase C and casein kinase substrate in neurons 3
OOE4F4,MTA1,9112,metastasis associated 1
ZZC2D2,MACF1,23499,microtubule-actin crosslinking factor 1
RRRA6B6,CCNA1,8900,cyclin A1
TTG9H9,HIST1H2BK,85236,"histone cluster 1, H2bk"
LLLE10F10,PCCB,5096,"propionyl CoA carboxylase, beta polypeptide"
UUA4B4,STAP2,55620,signal transducing adaptor family member 2
SSA1B1,PMM2,5373,phosphomannomutase 2
BBBE11F11,HSD17B11,51170,hydroxysteroid (17-beta) dehydrogenase 11
NNE7F7,FBXL12,54850,F-box and leucine-rich repeat protein 12
MMMC11D11,WDR61,80349,WD repeat domain 61
MMC1D1,FAS,355,"Fas (TNF receptor superfamily, member 6)"
QQA3B3,CENPE,1062,"centromere protein E, 312kDa"
IIG8H8,CREG1,8804,cellular repressor of E1A-stimulated genes 1
JJG12H12,PRR7,80758,proline rich 7 (synaptic)
IIIG4H4,TMEM110,375346,transmembrane protein 110
IIG2H2,ZNF589,51385,zinc finger protein 589
QQQA10B10,BAX,581,BCL2-associated X protein
HHA11B11,CNDP2,55748,CNDP dipeptidase 2 (metallopeptidase M20 family)
KKE12F12,TNIP1,10318,TNFAIP3 interacting protein 1
NNNE1F1,P4HTM,54681,"prolyl 4-hydroxylase, transmembrane (endoplasmic reticulum)"
KKKC3D3,REEP5,7905,receptor accessory protein 5
JJE11F11,BZW2,28969,basic leucine zipper and W2 domains 2
HHE8F8,CGRRF1,10668,cell growth regulator with ring finger domain 1
KKE7F7,AMDHD2,51005,amidohydrolase domain containing 2
JJG5H5,PEX11A,8800,peroxisomal biogenesis factor 11 alpha
MMC6D6,GFOD1,54438,glucose-fructose oxidoreductase domain containing 1
UUC1D1,PECR,55825,peroxisomal trans-2-enoyl-CoA reductase
MC11D11,SOCS2,8835,suppressor of cytokine signaling 2
RRG1H1,ZDHHC6,64429,"zinc finger, DHHC-type containing 6"
IIG1H1,ITGAE,3682,"integrin, alpha E (antigen CD103, human mucosal lymphocyte antigen 1; alpha polypeptide)"
RRA10B10,TMEM5,10329,transmembrane protein 5
KKA5B5,ATP5S,27109,"ATP synthase, H+ transporting, mitochondrial Fo complex, subunit s (factor B)"
YE10F10,NGRN,51335,"neugrin, neurite outgrowth associated"
IIIG2H2,HOXA5,3202,homeobox A5
KKE1F1,GRN,2896,granulin
HHE5F5,NUP85,79902,nucleoporin 85kDa
LG6H6,GTPBP8,29083,GTP-binding protein 8 (putative)
RC1D1,PTK2,5747,PTK2 protein tyrosine kinase 2
QG5H5,EPN2,22905,epsin 2
AAAC2D2,CCDC90A,63933,coiled-coil domain containing 90A
VE10F10,KIAA0528,9847,KIAA0528
NNNA8B8,MRPS16,51021,mitochondrial ribosomal protein S16
ZZZC8D8,RPS5,6193,ribosomal protein S5
TTE4F4,NOL3,8996,nucleolar protein 3 (apoptosis repressor with CARD domain)
JJG11H11,NR1H2,7376,"nuclear receptor subfamily 1, group H, member 2"
QQE4F4,PLS1,5357,plastin 1
NNNC1D1,DUSP22,56940,dual specificity phosphatase 22
JJJE10F10,RPS6KA1,6195,"ribosomal protein S6 kinase, 90kDa, polypeptide 1"
RE11F11,DCK,1633,deoxycytidine kinase
IIIE4F4,TRIM2,23321,tripartite motif containing 2
AAAAG1H1,SNCA,6622,"synuclein, alpha (non A4 component of amyloid precursor)"
NC4D4,VPS28,51160,vacuolar protein sorting 28 homolog (S. cerevisiae)
LLE2F2,LRRC16A,55604,leucine rich repeat containing 16A
SSSC3D3,CHP,11261,calcium binding protein P22
HHHG12H12,NR2F6,2063,"nuclear receptor subfamily 2, group F, member 6"
UUA1B1,EXOSC4,54512,exosome component 4
LLLG2H2,PDLIM1,9124,PDZ and LIM domain 1
OOG5H5,CRELD2,79174,cysteine-rich with EGF-like domains 2
TTE3F3,RRP12,23223,ribosomal RNA processing 12 homolog (S. cerevisiae)
MMMC5D5,ACAT2,39,acetyl-CoA acetyltransferase 2
PC4D4,THAP11,57215,THAP domain containing 11
AAAG3H3,CEBPD,1052,"CCAAT/enhancer binding protein (C/EBP), delta"
QQA12B12,MAST2,23139,microtubule associated serine/threonine kinase 2
TTG11H11,DHDDS,79947,dehydrodolichyl diphosphate synthase
PG7H7,GADD45B,4616,"growth arrest and DNA-damage-inducible, beta"
IIIC5D5,KIAA0355,9710,KIAA0355
AAAC11D11,DYNLT3,6990,"dynein, light chain, Tctex-type 3"
OOE6F6,CHMP4A,29082,charged multivesicular body protein 4A
NNA1B1,IPO13,9670,importin 13
KKG7H7,ITFG1,81533,integrin alpha FG-GAP repeat containing 1
AAAAG2H2,SPP1,6696,secreted phosphoprotein 1
RE4F4,HYOU1,10525,hypoxia up-regulated 1
VC7D7,FOS,2353,FBJ murine osteosarcoma viral oncogene homolog
OOA7B7,MCOLN1,57192,mucolipin 1
YYC12D12,ID2,3398,"inhibitor of DNA binding 2, dominant negative helix-loop-helix protein"
CCCA2B2,KCNK1,3775,"potassium channel, subfamily K, member 1"
QQQE9F9,AXIN1,8312,axin 1
AAG2H2,RAI14,26064,retinoic acid induced 14
NNNE9F9,DNAJC15,29103,"DnaJ (Hsp40) homolog, subfamily C, member 15"
TG7H7,HOXA10,3206,homeobox A10
RRRA4B4,CASP2,835,"caspase 2, apoptosis-related cysteine peptidase"
YC6D6,CTNND1,1500,"catenin (cadherin-associated protein), delta 1"
LC5D5,ZNF131,7690,zinc finger protein 131
UUE6F6,HOOK2,29911,hook homolog 2 (Drosophila)
MMME3F3,ERBB2,2064,"v-erb-b2 erythroblastic leukemia viral oncogene homolog 2, neuro/glioblastoma derived oncogene homolog (avian)"
PPE6F6,INTS3,65123,integrator complex subunit 3
HHE4F4,RFNG,5986,RFNG O-fucosylpeptide 3-beta-N-acetylglucosaminyltransferase
TTG12H12,MICALL1,85377,MICAL-like 1
XE1F1,KLHL21,9903,kelch-like 21 (Drosophila)
RE9F9,TLE1,7088,"transducin-like enhancer of split 1 (E(sp1) homolog, Drosophila)"
UUUG1H1,FZD7,8324,frizzled family receptor 7
LE3F3,COG2,22796,component of oligomeric golgi complex 2
NA11B11,MRPS2,51116,mitochondrial ribosomal protein S2
RRC2D2,KCTD5,54442,potassium channel tetramerisation domain containing 5
UUE7F7,CNPY3,10695,canopy 3 homolog (zebrafish)
SE10F10,ADAM10,102,ADAM metallopeptidase domain 10
QQG3H3,CD58,965,CD58 molecule
KKE3F3,KIF5C,3800,kinesin family member 5C
HHC3D3,HMG20B,10362,high mobility group 20B
WA3B3,PIN1,5300,"peptidylprolyl cis/trans isomerase, NIMA-interacting 1"
CCCE3F3,LAGE3,8270,"L antigen family, member 3"
RRC9D9,TNFRSF21,27242,"tumor necrosis factor receptor superfamily, member 21"
RRE12F12,KIF14,9928,kinesin family member 14
SSSC11D11,DUSP6,1848,dual specificity phosphatase 6
MMMC7D7,CYB561,1534,cytochrome b-561
LLLA2B2,HTRA1,5654,HtrA serine peptidase 1
PPE12F12,WASF3,10810,"WAS protein family, member 3"
NNNE10F10,TSPAN6,7105,tetraspanin 6
QE1F1,FBXO21,23014,F-box protein 21
RRA4B4,PPP2R3C,55012,"protein phosphatase 2, regulatory subunit B'', gamma"
QQQC2D2,ADRB2,154,"adrenergic, beta-2-, receptor, surface"
BBBG7H7,GRB10,2887,growth factor receptor-bound protein 10
WWWG9H9,MMP1,4312,matrix metallopeptidase 1 (interstitial collagenase)
JJG3H3,ZW10,9183,"ZW10, kinetochore associated, homolog (Drosophila)"
QC7D7,CORO1A,11151,"coronin, actin binding protein, 1A"
JJE8F8,XPNPEP1,7511,"X-prolyl aminopeptidase (aminopeptidase P) 1, soluble"
KKG10H10,MAMLD1,10046,mastermind-like domain containing 1
AAAC10D10,DSG2,1829,desmoglein 2
IIA12B12,SLC27A3,11000,"solute carrier family 27 (fatty acid transporter), member 3"
MMA1B1,CD97,976,CD97 molecule
NNC11D11,IL13RA1,3597,"interleukin 13 receptor, alpha 1"
LA3B3,AGL,178,"amylo-alpha-1, 6-glucosidase, 4-alpha-glucanotransferase"
RRRA11B11,CDC25B,994,cell division cycle 25 homolog B (S. pombe)
MA6B6,GATA3,2625,GATA binding protein 3
JJA9B9,RPA3,6119,"replication protein A3, 14kDa"
EEEC11D11,TES,26136,testis derived transcript (3 LIM domains)
TE6F6,SPR,6697,"sepiapterin reductase (7,8-dihydrobiopterin:NADP+ oxidoreductase)"
HHHE11F11,RELB,5971,v-rel reticuloendotheliosis viral oncogene homolog B
TTTE3F3,EPHB2,2048,EPH receptor B2
QQE10F10,RPIA,22934,ribose 5-phosphate isomerase A
LLC10D10,GPR56,9289,G protein-coupled receptor 56
NNE3F3,NVL,4931,nuclear VCP-like
SSSA3B3,CHEK1,1111,CHK1 checkpoint homolog (S. pombe)
KKKA5B5,ME2,4200,"malic enzyme 2, NAD(+)-dependent, mitochondrial"
XXXC7D7,PDGFA,5154,platelet-derived growth factor alpha polypeptide
LA4B4,WDR67,93594,WD repeat domain 67
WC1D1,RFC2,5982,"replication factor C (activator 1) 2, 40kDa"
LC1D1,TIMM9,26520,translocase of inner mitochondrial membrane 9 homolog (yeast)
IIA7B7,ORC1,4998,"origin recognition complex, subunit 1"
XG1H1,PARP2,10038,poly (ADP-ribose) polymerase 2
RRC4D4,FASTKD5,60493,FAST kinase domains 5
RE5F5,PTPLAD1,51495,protein tyrosine phosphatase-like A domain containing 1
UUA3B3,MSRA,4482,methionine sulfoxide reductase A
KKE6F6,SYNE2,23224,"spectrin repeat containing, nuclear envelope 2"
OOC12D12,UBE3C,9690,ubiquitin protein ligase E3C
RRE1F1,CCDC92,80212,coiled-coil domain containing 92
SSSE7F7,CXCL2,2920,chemokine (C-X-C motif) ligand 2
RRG4H4,TIMM22,29928,translocase of inner mitochondrial membrane 22 homolog (yeast)
KKA12B12,ATF5,22809,activating transcription factor 5
ZE6F6,NSDHL,50814,NAD(P) dependent steroid dehydrogenase-like
ZZA7B7,ADI1,55256,acireductone dioxygenase 1
ZZE12F12,ADCK3,56997,aarF domain containing kinase 3
YYA11B11,GDPD5,81544,glycerophosphodiester phosphodiesterase domain containing 5
PPA7B7,TARBP1,6894,TAR (HIV-1) RNA binding protein 1
AAE11F11,RBKS,64080,ribokinase
JJA11B11,KDM3A,55818,lysine (K)-specific demethylase 3A
ZZC12D12,BID,637,BH3 interacting domain death agonist
PE11F11,MTF2,22823,metal response element binding transcription factor 2
UUUG9H9,HLA-DRA,3122,"major histocompatibility complex, class II, DR alpha"
JJA3B3,PIK3C2B,5287,"phosphoinositide-3-kinase, class 2, beta polypeptide"
OOA5B5,SLC25A46,91137,"solute carrier family 25, member 46"
RC12D12,CDK19,23097,cyclin-dependent kinase 19
HHG11H11,KIAA0753,9851,KIAA0753
HHG3H3,KAT6B,23522,K(lysine) acetyltransferase 6B
MMMA4B4,CHN1,1123,chimerin (chimaerin) 1
LLLC5D5,MAPK13,5603,mitogen-activated protein kinase 13
OOC3D3,UFM1,51569,ubiquitin-fold modifier 1
UUUG4H4,GNA15,2769,"guanine nucleotide binding protein (G protein), alpha 15 (Gq class)"
HHC5D5,IARS2,55699,"isoleucyl-tRNA synthetase 2, mitochondrial"
YG9H9,GATA2,2624,GATA binding protein 2
ZZZG2H2,RALGDS,5900,ral guanine nucleotide dissociation stimulator
VC8D8,NRIP1,8204,nuclear receptor interacting protein 1
UC2D2,CCNB2,9133,cyclin B2
UE8F8,RNPS1,10921,"RNA binding protein S1, serine-rich domain"
ZZZG9H9,SATB1,6304,SATB homeobox 1
NC1D1,ARID4B,51742,AT rich interactive domain 4B (RBP1-like)
MMMA8B8,GSTZ1,2954,glutathione transferase zeta 1
RA9B9,SESN1,27244,sestrin 1
XA8B8,SPEN,23013,"spen homolog, transcriptional regulator (Drosophila)"
XXXG8H8,PFKL,5211,"phosphofructokinase, liver"
IIG12H12,PDHX,8050,"pyruvate dehydrogenase complex, component X"
RRG6H6,DENND2D,79961,DENN/MADD domain containing 2D
AAAA7B7,CTTN,2017,cortactin
IIIC2D2,UBR7,55148,ubiquitin protein ligase E3 component n-recognin 7 (putative)
UUUA7B7,GRB7,2886,growth factor receptor-bound protein 7
TG10H10,CD44,960,CD44 molecule (Indian blood group)
UUG2H2,VAV3,10451,vav 3 guanine nucleotide exchange factor
RRA7B7,ABHD6,57406,abhydrolase domain containing 6
WWWC7D7,MAPKAPK2,9261,mitogen-activated protein kinase-activated protein kinase 2
MMG5H5,CAB39,51719,calcium binding protein 39
EEEA12B12,TIAM1,7074,T-cell lymphoma invasion and metastasis 1
RG3H3,DNM1L,10059,dynamin 1-like
SA8B8,DERA,51071,deoxyribose-phosphate aldolase (putative)
UA8B8,PTPRK,5796,"protein tyrosine phosphatase, receptor type, K"
MA7B7,HERC6,55008,hect domain and RLD 6
WWWE9F9,MKNK1,8569,MAP kinase interacting serine/threonine kinase 1
KKKC12D12,ACOT9,23597,acyl-CoA thioesterase 9
MME12F12,ST3GAL5,8869,"ST3 beta-galactoside alpha-2,3-sialyltransferase 5"
UC10D10,CTNNAL1,8727,"catenin (cadherin-associated protein), alpha-like 1"
LLC2D2,ABHD4,63874,abhydrolase domain containing 4
OC9D9,INPP4B,8821,"inositol polyphosphate-4-phosphatase, type II, 105kDa"
IIE1F1,ZMIZ1,57178,"zinc finger, MIZ-type containing 1"
SSG4H4,PPARG,5468,peroxisome proliferator-activated receptor gamma
IIE4F4,RPP38,10557,ribonuclease P/MRP 38kDa subunit
ME5F5,CAST,831,calpastatin
IIA1B1,BAG3,9531,BCL2-associated athanogene 3
OG10H10,GNA11,2767,"guanine nucleotide binding protein (G protein), alpha 11 (Gq class)"
ZC4D4,TOR1A,1861,"torsin family 1, member A (torsin A)"
PPA11B11,SLC25A13,10165,"solute carrier family 25, member 13 (citrin)"
HHC8D8,TSPAN4,7106,tetraspanin 4
TTC3D3,NR3C1,2908,"nuclear receptor subfamily 3, group C, member 1 (glucocorticoid receptor)"
ZA4B4,TRIB3,57761,tribbles homolog 3 (Drosophila)
HHHC7D7,PHF15,23338,PHD finger protein 15
AAAC7D7,CXCR4,7852,chemokine (C-X-C motif) receptor 4
UUC2D2,FKBP14,55033,"FK506 binding protein 14, 22 kDa"
QA2B2,CIAPIN1,57019,cytokine induced apoptosis inhibitor 1
OOC5D5,COG7,91949,component of oligomeric golgi complex 7
QQC8D8,TUBB6,84617,"tubulin, beta 6"
HHG7H7,ABL1,25,"c-abl oncogene 1, non-receptor tyrosine kinase"
QQE2F2,CCNF,899,cyclin F
UUUC11D11,HSPA1A,3303,heat shock 70kDa protein 1A
JJA12B12,FAM57A,79850,"family with sequence similarity 57, member A"
BBBA3B3,EVL,51466,Enah/Vasp-like
PA8B8,GPER,2852,G protein-coupled estrogen receptor 1
PPA4B4,EAPP,55837,E2F-associated phosphoprotein
VA10B10,EXT1,2131,exostosin 1
JJC7D7,POLE2,5427,"polymerase (DNA directed), epsilon 2 (p59 subunit)"
XXXE12F12,PLCB3,5331,"phospholipase C, beta 3 (phosphatidylinositol-specific)"
LG1H1,C2CD2,25966,C2 calcium-dependent domain containing 2
XG3H3,ANKRD10,55608,ankyrin repeat domain 10
QQC3D3,DDX10,1662,DEAD (Asp-Glu-Ala-Asp) box polypeptide 10
AAA8B8,CEP57,9702,centrosomal protein 57kDa
VG10H10,RAB31,11031,"RAB31, member RAS oncogene family"
QC4D4,ABCC5,10057,"ATP-binding cassette, sub-family C (CFTR/MRP), member 5"
RRG9H9,RFC5,5985,"replication factor C (activator 1) 5, 36.5kDa"
PPE9F9,HES1,3280,"hairy and enhancer of split 1, (Drosophila)"
OC7D7,KLHL9,55958,kelch-like 9 (Drosophila)
TTG3H3,UBE2J1,51465,"ubiquitin-conjugating enzyme E2, J1, U"
VE5F5,SLC37A4,2542,"solute carrier family 37 (glucose-6-phosphate transporter), member 4"
YYYE1F1,PLK1,5347,polo-like kinase 1
RE10F10,NPRL2,10641,nitrogen permease regulator-like 2 (S. cerevisiae)
OOC11D11,PWP1,11137,PWP1 homolog (S. cerevisiae)
OA11B11,PLEKHM1,9842,"pleckstrin homology domain containing, family M (with RUN domain) member 1"
OOE3F3,VAT1,10493,vesicle amine transport protein 1 homolog (T. californica)
RRE3F3,KIF20A,10112,kinesin family member 20A
NE6F6,CDH3,1001,"cadherin 3, type 1, P-cadherin (placental)"
ZZE5F5,SSBP2,23635,single-stranded DNA binding protein 2
TTG8H8,SNX11,29916,sorting nexin 11
TTA12B12,SFN,2810,stratifin
LLG9H9,RFX5,5993,"regulatory factor X, 5 (influences HLA class II expression)"
AAG1H1,PKIG,11142,"protein kinase (cAMP-dependent, catalytic) inhibitor gamma"
NNE6F6,FSD1,79187,fibronectin type III and SPRY domain containing 1
QQG7H7,ATP6V1D,51382,"ATPase, H+ transporting, lysosomal 34kDa, V1 subunit D"
PPG12H12,CDC45,8318,cell division cycle 45 homolog (S. cerevisiae)
AAA7B7,EDEM1,9695,"ER degradation enhancer, mannosidase alpha-like 1"
WWWC12D12,MYLK,4638,myosin light chain kinase
RRE7F7,USP6NL,9712,USP6 N-terminal like
RRE8F8,NT5DC2,64943,5'-nucleotidase domain containing 2
OA12B12,CCP110,9738,centriolar coiled coil protein 110kDa
YC1D1,STK10,6793,serine/threonine kinase 10
TG4H4,UGDH,7358,UDP-glucose 6-dehydrogenase
KKA7B7,SQRDL,58472,sulfide quinone reductase-like (yeast)
PPC2D2,HEBP1,50865,heme binding protein 1
TTTE10F10,FGFR4,2264,fibroblast growth factor receptor 4
SSSG1H1,CDKN2A,1029,"cyclin-dependent kinase inhibitor 2A (melanoma, p16, inhibits CDK4)"
UUA6B6,ATP11B,23200,"ATPase, class VI, type 11B"
TTC7D7,CD320,51293,CD320 molecule
SSSE1F1,CDKN1B,1027,"cyclin-dependent kinase inhibitor 1B (p27, Kip1)"
QQA9B9,MLLT11,10962,"myeloid/lymphoid or mixed-lineage leukemia (trithorax homolog, Drosophila); translocated to, 11"
QG9H9,CEBPZ,10153,"CCAAT/enhancer binding protein (C/EBP), zeta"
IIE8F8,GAPDH,2597,glyceraldehyde-3-phosphate dehydrogenase
HHHA9B9,CBR3,874,carbonyl reductase 3
